Jonathan,Alsop,jalsop
Emily,Anderson,emilya
Matt,Arnold,mattvid
Ezequiel,Belasco,ezebela
Evan,Bell,evanbe
Jake,Berry,jake32
Karen,Black,karenb
Warren,Bond,bond007
Nicholas,Bower,nic1978
Jennifer,Burgess,jburg
Cuartio Cadenas,Cadenas,ccad
Christopher,Cameron,ccame
David,Campbell,davidcam
Paul,Carr,pcarr
Humberto Castaneda,Castaneda,hca
Warren,Clarkson,wclar
Christopher,Clerk,cclerk
Katherine,Davidson,kat36
Warren,Davies,wdavi
Austin,Dickens,adick
Stephanie,Duncan,sted
Sean,Dorren,sdorr
Piers,Dyer,pdyer
Samantha,Ellison,selli
Nathan,Ferguson,ferg
Anna,Forsyth,afors
Angela,Fraser,afras
Alexander,Fraser,afras
Nathan,Gibson,ngibs
Alexandra,Gill,alegill
Madeleine,Glover,mglov
Christopher,Grant,cgran
Adam,Green,agreen
Michael,Harris,mhar
John,Harny,jharny
Tim,Harris,tharr
Adrian,Harand,ahara
Adrian,Hart,ahart
Alexandra,Henderson,alexhe
Warren,Hudson,whud
Trevor,Ince,tince
Joe,Jackson,jjack
Molly,Jones,molly40
Claire,King,clairek
Irene,Knox,iknox
Juan La Barca,La Barca,juan la bla b
Rachel,Lawrence,raclaw
Colin,Lawner,clawn
Peter,Lewis,plewi
Carlomagno,Macera,carlomagno
Kylie,Mackay,kmc
Leah,Mackenzie,lmack
Dantel Madruga,Madruga,dmadr
Tim,Marshall,timmar
Gordon,Martin,gmart
Olivia,Marrey,omarrey
Theresa,Mathis,tmath
Dominic,McDonald,dom555
Victor,McGrath,vmcgr
Kevin,Miller,kmill
Evan,Mills,evmi
Sonia,Mitchell,smitc
Diana,Morgan,dmorg
Cisco,Morones,cmoro
Gordon,Morrison,gmorr
Victoria,Newman,vinew
Tracey,Nolan,tnola
Faith,North,fnort
Virginia,Ogden,vogde
Jasmine,Oliver,jasoliv
Amelia,Oliver,aoliv
Kylie,Stone,kston
Dan,Olive,doliv
Carol,Parsons,cpars
Kevin,Paterson,kpate
Sean,Peake,speak
Wanda,Peters,wpete
Salvadore Pico,Pico,sp1984
Harry,Piper,hpipe
Liam,Powell,lpowe
Adan,Puentes,apuente
Simon,Quinn,squin
Faith,Randall,frand
Hermosa Rincon,Rincon,hrin
Julian,Roberts,jrobe
Stephanie,Scott,sstt
Cameron,Sharp,camsharp
Justin,Stewart,jstew
Lily,Thomson,lthom
Ella,Turner,eturn
Roano,Valencia,rvalen
Mannie,Villalba,mvill
Trevor,Wallace,twall
Lillian,Watson,lwats
Isaac,White,iwhit
Sarah,Wright,swrig
Francisco,Costa,fcosta
Cristiano,Cordeiro,cc2000
Jorge,Cordeiro,jcorde
Rodrigo,Cardoso,rcar
Igor,Vasconcelos,ivascon
Davi,Farias,dfarias
Luiz ,Silva,luizsilva
Samuel,Amorim,samor
Teresa ,Campos,tcamp
Luiza ,Bastos,lbasto
Clarissa ,Alves,calves
Johann ,Fisch,jfisc
Gregor ,Bodenstein,gbode
Felix,Weninger,fwenin
Michael ,Grimminger,mgri
Pascal ,Bessette,pbess
Richard ,Valluy,rval
Valentin ,Fournier,vfovideo
Lionel ,Geiger,lgeig
Marc-Antoine,Marais,marcant
Emeric ,Cazal,ecaza
Mathieu,Delaunay,mdel
Patrice ,Guilbert,pgui
George,Lekopoulos,georgelek1966
Nick,Roganis,niro12
Jason,Kastrounis,jasonk
George,Frydopoulos,gfydop
Maria ,Dimou,mdim
George,Amanakis,amanakisg
Nikos,Fotiou,nfotiou
Ethel,Maipa,ethel365
Christos,Robos,crobo
Yannis,Koutsoukos,ykouts
Manos,Alexandrou,manoa
